li,他
mi,我
ŝi,她
vi,你
ial,因ɪ
iu,个
ni,我们
ĉio,全o
kio,何o
nenio,无o
ĝi,它
kial,何因
ies,之
oni,人ᴏ
tio,那o
tiu,那个
ĉiel,天
ĉiu,全个
iam,时
iom,量
si,自己
ili,他们
ĉial,全因
tial,那因
ties,那之
iel,样
kiu,何个
ĉiam,全时
ĉies,全之
ĉiom,全量
kiam,何时
kiel,何样
kies,何之
kiom,何量
tiam,那时
tiel,那样
tiom,那量
neniu,无个
neniam,无时
nenial,无因
neniel,无样
nenies,无之
neniom,无量
ĉia,全a
ĉie,全e
kia,何a
kie,何e
tia,那a
tie,那e
nenia,无a
as,
at,
ia,
ie,
io,
is,
it,
os,
ot,
us,
ant,
int,
ont,
,
akv,水
arb,树
eks,前
ing,中
ĵet,投
imag,想
last,末
pluv,雨
sonĝ,梦
vent,风
atent,注
aŭtun,秋
memor,记
sekur,安
somer,夏
vintr,冬
korekt,正
profund,深
printemp,春
am,爱
ĉe,在
in,女
alt,高
aŭd,听
blu,蓝
ĉar,因
edz,夫
hel,明
ist,家
lum,光
lun,月
mil,千
nom,名
nul,零
pez,重
por,为
pro,因ᴘ
ret,网
ruĝ,红
sun,日
tag,日ᴛ
ven,来
vir,男
amor,恋
cent,百
dank,谢
eduk,育
flav,黄
fort,强
klar,明ᴋ
long,长
nigr,黑
orel,耳
verd,绿
blank,白
facil,易
monat,月ᴍ
nombr,数
simpl,单
elektr,电
instru,教
miriad,万
semajn,周
du,二
id,子
dom,房
don,给
kor,心
loĝ,住
sin,自
unu,一
viv,活
amik,友
hejm,家ʜ
korp,体
ig,使
iĝ,成
ir,去
dir,说
mov,动
rid,笑
son,音
voĉ,声
manĝ,吃
nask,生
skrib,写
flu,流
kav,洞
neĝ,雪
nub,云
ond,波
saĝ,贤
seĝ,椅
suĉ,吸
ŝut,倒
tru,孔
bind,束
blov,吹
fund,底
lign,木
vend,卖
verŝ,倾
bambu,竹
butik,店
etend,延
frukt,果
glaci,冰
nebul,雾
prunt,借
tondr,雷
kavern,穴
konfuz,乱
sekret,秘
eksplod,爆
intelekt,智
fiŝ,鱼
kok,鸡
mel,蜜
sal,盐
bird,鸟
lakt,乳
mari,海ᴍɪ
op,合
re,再
bis,再ʙ
cel,目
ĉes,止
foj,次
for,远
lit,床
mez,中ᴍ
mon,钱
pec,片
sam,同
sci,知
sid,坐
aĉet,买
daŭr,久
fajr,火
help,助
kred,信
pens,思
plus,加
pord,门
pren,取
traf,中ᴛ
trov,找
atend,等ᴀ
kompar,比ᴋ
proksim,近
ok,八
te,茶
bov,牛
buŝ,口
dek,十
fil,儿
har,发
kap,头
kat,猫
man,手
naŭ,九
naz,鼻
ost,骨
sep,七
ses,六
tri,三
flor,花
hund,狗ʜ
karn,肉
kvar,四
kvin,五
lern,学
patr,父
pied,脚
pork,猪
fingr,指
kolor,色
viand,肉ᴠ
ec,性
uz,使ᴜ
ali,他ᴀ
bel,美
bon,好
dev,务
est,是
far,做
fru,早
hav,有
nov,新
nun,今
pov,可
tre,很
vid,见
vol,愿
mens,心ᴍ
esper,希
grand,大
super,上ꜱᴘ
ekster,外
intern,内ɪ
od,或
pi,敬
dik,厚
mol,软
sek,干
cend,分
dolĉ,甜
griz,灰
kaŭz,原
metr,米ᴍ
mild,温
ombr,影ᴏ
prez,价
fidel,忠
matur,成ᴍ
numer,号
titol,称
faktor,因ꜰ
hieraŭ,昨日
honest,正ʜ
lecion,课
morgaŭ,明日
purpur,紫
sekund,秒
sinjor,先生
evident,显
aĵ,物
an,员
ek,始
il,具
baz,基
fac,面
kin,影
kre,创
obe,从ᴏ
pag,付
par,对
afer,事
cerb,脑
eben,平
film,片ꜰ
gast,客
rekt,直ʀ
send,送
verk,作
ambaŭ,两
esenc,本
front,前ꜰ
infan,童
leter,信ʟ
membr,员ᴍ
radik,根
ripoz,休
vilaĝ,村
direkt,向ᴅ
komenc,始ᴋ
parenc,亲ᴘ
element,元ᴇ
original,原ᴏ
or,金
mar,海
ole,油
ŝip,船
hidr,水ʜ
mont,山
mort,死
ŝton,石
plant,植
river,河
suker,糖
ag,行
bat,打
kur,跑
lav,洗
lud,玩
met,置
paŝ,步
akuŝ,产
akut,急
amar,苦
edif,建
murd,杀
nutr,育ɴ
port,运
ŝanĝ,变
dolor,痛
koler,怒
modif,改
ripar,修
sufer,苦ꜱ
tranĉ,切
vetur,乘
vojaĝ,旅
esprim,表ᴇ
ilumin,照ɪ
serioz,严
radikal,根ʀʟ
riverenc,礼ʀ
aĝ,岁
al,向
aŭ,或ᴀ
ĉu,吗
de,从
ej,处
el,出
en,内
lu,贷
ne,不
ol,比
se,如
ebl,可ᴇ
fak,科
fos,挖
jar,年
jes,是ᴊ
kaj,和
kun,共
lig,联
lok,处ʟ
per,以
pet,求
pli,更
pri,关
puf,鼓
rev,梦想
riz,米
sed,但
sen,无
sub,下
sur,上
tem,题
ter,地
tir,拉
urb,市
vok,召
akci,股
aper,现
ĉerp,汲
farm,租
fiks,定
glut,吞
grad,度
hajl,雹
herb,草
kamp,田
klav,键
kler,博
kont,账
krev,裂
land,国
lert,巧
likv,液
mebl,家具
medi,境
mond,世
mult,多
part,部
plan,计划
plej,最
post,后
salt,跳
ŝaŭm,泡
scen,场
sent,感
sobr,醒ꜱ
sond,探
stat,态
ŝuld,债
sulk,沟
ŝvel,肿
t.e.,即ᴛᴇ
ankaŭ,也
antaŭ,前ᴀ
efekt,效ᴇᴛ
elekt,选
emoci,情
enigm,谜
frost,霜
grund,地ɢ
ideal,理想
iluzi,幻
labor,劳
legom,菜
maŝin,机器
milit,战
negoc,买卖
okult,隐
parol,讲
sagac,敏
sezon,季
solid,固
ŝpruc,喷
stabl,架
stern,铺
tekst,文
abstin,戒
bilanc,衡
demand,问
fabrik,工厂
impost,税
komerc,商业
kompon,组ᴋ
kondiĉ,条件
kurent,流ᴋ
merkat,市ᴍ
mister,奥
pozici,位ᴘ
artikol,文ᴀ
central,中央
ekzempl,例
komplik,繁
marĉand,商
problem,问题
prudent,慎
tempest,暴风
ultimat,极
arĥitektur,建筑
arkitektur,建筑ᴀᴋ
inteligent,聪
dis,散
fal,落
las,放
verm,虫
divid,分ᴅ
kresk,生ᴋꜱ
dog,狗
kot,泥
mus,鼠
anas,鸭
polv,粉
sabl,砂
cindr,灰ᴄ
serpent,蛇
ad,续
ar,群
em,向ᴇ
ŝu,鞋
ban,浴
ĉap,帽
dec,宜
dub,疑
fuĝ,逃
ide,念
ink,墨
kas,现金
kom,点
kon,识
laŭ,按
luk,口ʟ
mur,墙
naĝ,泳
nav,船ɴ
paĝ,页
pak,包
poŝ,口袋
rad,轮
riĉ,富
sak,袋
sap,皂
sav,救
sum,总
ten,持
tuk,布
tuŝ,触
vak,空
apog,支
apud,旁
atak,攻
bank,银行
blok,块
brul,烧
dorm,睡
efik,效
egal,等
fald,折
foli,叶
gard,守
glas,玻璃
grav,重ɢ
grup,组
halt,停
lamp,灯
lini,线
miks,混
park,园
plen,满
plum,笔
ring,环
romp,破
sekv,随
senc,意
serĉ,寻
ŝirm,护
ŝpar,省
star,站
ŝtel,偷
turn,转
venk,胜
verg,条
vest,服
vund,伤
abund,丰
angul,角ᴀ
anonc,告
asist,助ᴀ
branĉ,枝
ĉambr,室
ĉemiz,衬衫
centr,央
depon,存
dolar,元
flank,侧
fleks,曲
ident,同ɪ
opini,见ᴏ
plank,地板
rezon,理ʀᴢ
ricev,收
rifuz,拒
rilat,关ʀ
simil,似ꜱ
staci,站ꜱᴄ
sufiĉ,足
trunk,干ᴛ
ĉirkaŭ,围
defend,卫
forges,忘
ĝarden,园ɢ̑
kolekt,集
kombin,合ᴋ
konced,让ᴋ
konsci,觉
konven,宜ᴋ
krajon,铅笔
ombrel,伞
proviz,供
rimark,注ʀ
fenestr,窗
komplet,全ᴋ
kompren,懂
komunik,通ᴋ
pozitiv,正ᴘ
preskaŭ,几ᴘ
respond,答
anstataŭ,代ᴀ
pantalon,裤
reciprok,互
av,祖
kol,颈
leg,读
nep,孙
reĝ,王
ŝaf,羊
suk,汁
barb,须ʙ
bild,画
brov,眉
dent,齿
ferm,关ꜰ
frat,兄弟
genu,膝
krur,腿
lang,舌
larm,泪
lumb,腰
paĉj,爸
panj,妈
plor,哭
stud,习
ŝvit,汗
tali,腰ᴛ
tigr,虎
brust,胸
ĉeval,马
drink,饮
lingv,语
pentr,画ᴘ
ŝultr,肩
trink,饮ᴛ
muskol,肌
eg,巨
aer,气
art,艺
end,须
fin,终
gaj,快
ĝoj,喜
ind,值
ĵus,刚
kar,亲
lev,举
mir,惊
not,注ɴ
nur,仅
pac,和ᴘ
pur,纯
ŝat,喜ꜱ̂
sol,独
tim,怕
tro,过
tuj,即
ver,真
gust,味
ĝust,正ɢ̑
kost,费
krom,除
krud,生ᴋ
larĝ,宽
nepr,必
pasi,经
prov,试
rajt,权
ŝajn,似
spir,呼
util,用
apart,别
aplik,用ᴀ
bezon,需
dezir,欲
feliĉ,幸
indik,指ɪ
komun,共ᴋᴍ
kuraĝ,勇
kviet,静
montr,示
neces,必ɴᴄ
poent,分ᴘ
punkt,点ᴘ
rapid,快ʀ
valor,价ᴠ
danĝer,危
dekstr,右
ekzist,存ᴇ
energi,能
funkci,功
ĝentil,礼
kapabl,会
kvalit,质
plezur,乐
profit,利
publik,公
rigard,看
teĥnik,技
teknik,技ᴛᴋ
interes,兴
special,特
diferenc,差
col,寸
maj,五月
acid,酸
bril,辉
firm,坚
glat,滑
ĵaŭd,木曜
juli,七月
juni,六月
lund,月曜
mard,火曜
mart,三月
afabl,亲ᴀ
april,四月
humid,湿
intim,密
masiv,巨ᴍ
minut,分钟
pseŭd,伪
rigid,硬
vizit,访问
antikv,古
diafan,透
dimanĉ,日曜
intens,激ɪᴛ
januar,一月
klasik,典
konciz,简
oktobr,十月
sincer,诚
subtil,微
turism,旅游
delikat,细
februar,二月
merkred,水曜
telefon,电话
vendred,金曜
institut,院ɪ
septembr,九月
elektronik,电子
da,份
er,粒
et,小
ge,双
ul,人
beb,婴
fot,照
hom,人ʜ
jun,青
mal,反
mem,自ᴍ
mis,误
ort,直
pra,祖ᴘ
sem,种
var,货
dors,背
dual,双ᴅ
erar,错
feri,假
fond,立
font,源
fraz,句
gvid,引ɢ
nokt,夜
perd,失
plat,平ᴘ
poŝt,邮
seks,性ꜱ
skol,校
spez,花ꜱ
stel,星
ŝtof,料
temp,时ᴛ
varm,温ᴠ
vort,词
aranĝ,整
asign,派
fasad,面ꜰꜱ
human,人ʜɴ
humor,趣
kotiz,费ᴋᴛ
liver,交
maten,晨
natur,自然
nivel,级ɴ
ofert,献
ordon,命ᴏ
vizaĝ,脸
destin,命ᴅ
eksped,发ᴇ
horloĝ,钟
konduk,导
materi,质ᴍ
observ,察
origin,源ᴏ
promes,诺
surfac,面ꜱ
akompan,陪
histori,史
konstru,建ᴋ
organiz,组ᴏ
sentenc,句ꜱ
student,生ꜱ
material,材
instrukci,示ɪ
instrument,器ɪ
temperament,性ᴛ
uj,器
map,图
net,网ɴ
ord,序
pil,球
sud,南
tas,杯
voj,路
astr,星ᴀ
bovl,碗
danc,舞
form,形
kant,歌
klas,类
libr,书
list,单ʟ
nord,北
okul,眼
pilk,球ᴘᴋ
plet,盘
rond,圆
spec,种ꜱᴘ
tabl,桌
botel,瓶
cirkl,圆ᴄ
gazet,报
paper,纸
strat,街
tabel,表
skatol,盒
spegul,镜
okcident,西
fer,铁
lag,湖
lim,界
pes,称ᴘ
rok,岩
boat,艇
bosk,林
haŭt,皮
miel,蜜ᴍɪ
tomb,墓
haven,港
insul,岛
kvant,量ᴋ
mezur,测
ocean,洋
arĝent,银
soldat,兵
ĝu,享
akr,锐
bak,烤
ben,祝
bol,沸
fuŝ,坏
kri,喊
log,诱
paf,射
pik,刺
vek,醒
viŝ,拭
bala,扫
blek,叫
bred,养
fest,庆
flik,补
frap,击
kuir,烹
laŭd,赞
laŭt,响
migr,迁
munt,装
rajd,骑
rost,烧ʀ
sakr,圣
sekc,段ꜱ
ŝmir,涂
sput,吐
vari,变化
incit,激
kruel,残
navig,航
rivel,露
toler,容
abomen,憎
desegn,绘
ekzerc,练
indukt,导ɪ
kultur,文化
provok,挑
rakont,述
riproĉ,责
traduk,译
diskret,慎ᴅ
interpret,释
do,故
ju,越
po,每
ajn,任
aŭt,汽车
ber,莓
bor,钻
ĉef,首
ĉen,链
cep,葱
des,越ᴅ
dum,间
faz,段
gaz,气ɢ
ĝis,至
hok,钩
jam,已
kaz,案
lat,板条
leĝ,法
nod,结
nud,裸
oft,频
pas,过ᴘ
pel,驱
pir,梨
plu,续ᴘ
pom,苹果
reg,治
rem,划
rol,角
sof,沙发
tip,型
tra,通
tut,全
vag,游
val,谷
zon,带
benk,长凳
bors,股市
burĝ,市民
epok,代
estr,领
etaĝ,层
fili,支ꜰ
flag,旗
foir,市集
glit,滑ɢɪ
gram,克
gren,谷ɢ
kelk,几
kroĉ,钩ᴋ
lift,电梯
litr,升
magi,魔法
mark,标
meti,业
ofic,务ᴏ
okup,事ᴏ
pian,琴
pruv,证
ramp,爬
rang,级
sald,余
sens,感觉
serv,仕
sign,符
situ,位
sorb,摄
spur,迹
ŝtat,邦
ŝtup,阶
ŝveb,浮
task,任ᴛ
tren,拖
trup,队
varb,招
zorg,顾
adiaŭ,别ᴀᴅ
babil,聊
balot,投票
batal,战斗
bazar,市场
blind,盲
buton,扣
civit,城
decid,决
diluv,洪水
fikci,虚构
fluid,流体
grajn,粒ɢ
humil,谦
inter,间ɪ
invit,邀
katen,锁ᴋ
kaŭci,保证
komiz,店员
kutim,习ᴋ
lekci,课ʟᴋ
mastr,主
melon,瓜
metod,法ᴍ
model,模型
modul,模
motor,动机
neŭtr,中性
oranĝ,橙
parti,党
plonĝ,潜
polic,警
porci,份ᴘ
regul,规
sekci,段ꜱɪ
ŝofor,司机
sprit,慧
stadi,段ꜱᴛ
tavol,层ᴛ
teatr,剧场
teren,地ᴛɴ
trajn,列车
trans,跨
vinkt,束ᴠ
arbust,灌木
asekur,保险
bicikl,自行车
ĉapitr,章
dialog,对话
diskut,讨论
impres,印象
k.t.p.,等ᴋ
kanton,县
kondut,行为
konsil,劝ᴋ
kontor,办
kredit,信贷
manier,式
mistik,神秘
permes,许
persik,桃
posten,位ᴘꜱ
postul,要求
preter,过ᴘʀ
propon,提议
redakt,编ʀ
region,域
sektor,部ꜱ
servic,餐具
signal,信号
torent,激流
tritik,小麦
uragan,台风
ankoraŭ,还
artifik,人工
aŭtobus,公车
ĉarpent,木工
fantazi,幻想
fenomen,现象
garanti,担保
konsist,成ᴋ
konstat,确
konsult,咨询
kontraŭ,对ᴋ
kvartal,区
magazen,仓库
neŭtral,中立
ordinar,常
pasaĝer,客ᴘ
percept,感知
prezent,呈现
procent,百分
profesi,职
program,方案
projekt,项目
provinc,省ᴘ
simpati,同情ꜱ
situaci,境ꜱ
subjekt,题ꜱ
arĥitekt,建筑家
arkitekt,建筑家ᴀᴋ
aŭditori,讲堂
distrikt,区ᴅ
generaci,代ɢ
industri,工业
kandidat,候选
kilogram,公斤
metropol,都
paragraf,段ᴘ
preterit,过去
proporci,比ᴘ
rekomend,荐
administr,管ᴀ
aŭtomobil,汽车ᴀᴍ
imperfekt,不全
ministeri,部ᴍ
respektiv,各
konversaci,谈话
cirkonstanc,况
departement,部ᴅ
ced,让
muŝ,蝇
puŝ,推
ŝir,撕
sku,摇
ton,调
urĝ,急ᴜ
evit,避
frot,擦
fung,菌
pere,亡
prem,压
solv,解
vesp,蜂
skrap,刮
ŝrump,缩
streĉ,伸
veget,生ᴠ
border,边
formik,蚁
insekt,虫ɪ
moskit,蚊
redukt,减ʀ
zingibr,姜
ajl,蒜
melk,乳ᴍʟ
pipr,胡椒
paser,雀
bar,栏
bot,靴
duŝ,淋浴
fid,信任
gem,玉
ĝen,碍
hal,堂
jak,夹衣
jup,裙
kep,便帽
kuk,糕
kuŝ,躺
lan,毛
mas,团
mat,席
pip,管
put,井
rab,抢
rob,袍
rul,滚
sat,饱
teg,覆
tur,塔
afiŝ,贴
akir,获
amas,众
bend,带ʙ
bluz,衬衣
bord,岸
bret,架ʙ
bros,刷
etap,段ᴇ
flam,焰
gajn,赢
gant,手套
imit,仿
kapt,捕
kask,盔
klin,倾ᴋ
klub,社
kord,绳
korn,角ᴋ
kort,院
kret,粉笔
kudr,缝
kurb,弯
palp,摸
pend,挂
plac,场ᴘ
pont,桥
pulv,粉ᴘᴜ
raci,理
rand,缘
rest,剩
ŝarg,载
ŝarĝ,载ꜱ̂ɢ̑
silk,丝
spit,虽
ŝtop,塞
taŭg,适
trik,编
turb,扰
vitr,玻璃ᴠ
volv,卷
apoge,支ᴀᴇ
aprob,赞ᴀ
avert,警ᴀ
basen,池
ĉapel,帽ᴄ̂ʟ
detru,毁
diven,猜
eskap,脱
invad,侵
ĵaket,短上衣
juvel,宝石
koton,棉
kusen,垫
later,侧ʟ
manik,袖
palac,宫
peron,台
salon,厅
skarp,围巾
ŝrank,柜
strek,划ꜱ
tapiŝ,毯
bombon,糖果
deklar,宣
esplor,探ᴇ
infekt,染
intenc,意ɪ
kalson,内裤
kastel,城ᴋ
kolubr,蛇ᴋ
konker,征
kostum,装ᴋ
kovert,信封
kurten,帘
mantel,大衣
matrac,床垫
najbar,邻
oblikv,斜
penetr,透ᴘ
plafon,顶ᴘ
precip,急ᴘ
rezerv,存ʀ
rikolt,收ʀᴋ
silent,静ꜱ
ŝtrump,袜
trezor,宝
ĉokolad,可可糖
distanc,距
kapital,资本
koncern,涉ᴋ
konklud,结ᴋ
konserv,保
kontant,现金ᴋɴ
kontinu,继ᴋ
protekt,护ᴘ
renkont,遇
renvers,翻
sandviĉ,夹饼
tegment,屋顶
imperial,帝
konsider,虑
suplement,补ꜱ
komplement,补ᴋ
di,神
gut,滴
kaŝ,藏
lip,唇
lup,狼
mam,乳ᴍ
obl,倍
san,健
sup,汤
urs,熊
bant,带ʙᴛ
brak,臂
cerv,鹿
fals,假ꜰʟ
flug,飞
gorĝ,嗓
kapr,山羊
koks,臀
kovr,盖
onkl,叔
pint,尖
plur,複
plur,複ᴘ
sang,血
ŝlos,锁
spin,脊
vang,颊
vost,尾
frunt,额
kubut,肘
kvart,四分
princ,王子
saliv,唾
sigel,印ꜱ
kalkan,跟
kalkul,算
kolumn,柱ᴋ
laring,喉
monarĥ,君
monark,君ᴍᴋ
pulvor,粉ᴘʀ
televid,电视
ja,确实
cit,引
pen,努力
van,虚
anim,魂
cert,确定
fakt,事实
freŝ,鲜
izol,隔
just,公正
nobl,贵
odor,味ᴏ
plaĉ,悦
prav,正确
real,现实
soif,渴
spic,辛
supr,顶
taks,评
unik,唯
vast,广
virt,德
aspir,望
ating,达
aŭdac,敢
ceter,余ᴄ
ekstr,额ᴇ
estim,敬ᴇ
etern,永远
favor,惠
fokus,焦
fremd,异
menci,提
sovaĝ,野
streb,勉
stult,愚
subit,突然
terur,恐
vapor,汽
abrupt,急ᴀʙ
agrabl,愉
ambici,志
aspekt,观
baldaŭ,即将
dispon,配
fervor,热
hodiaŭ,今日
inform,通报
koment,评ᴋ
konsum,耗
majstr,师
modern,现代
parfum,香
prefer,偏
raport,报告
strang,怪
sukces,成功
talent,才
volont,志ᴠ
absolut,绝对
aparten,属
atribut,属ᴀᴛ
ekstrem,极ᴇ
ĝeneral,一般
oportun,宜ᴏ
pacienc,耐
persist,坚ᴘ
respekt,尊
sugesti,启
diligent,勤
inkluziv,含
karakter,格
dat,日期
fam,名声
lac,累
brun,褐
fulm,闪
kurs,课程
punc,孔ᴘ
ranc,腐
agent,代理
cifer,数字
deput,议员
elast,弹
lojal,忠实
motiv,动机ᴍᴠ
polur,磨ᴘ
tener,柔
anonim,匿名
doktor,博士
fortik,壮
guvern,治理
mentor,导师
milion,百万
obstin,顽
pejzaĝ,风景
turist,游客
advokat,律师
asemble,集会
aŭskult,聆
decembr,十二月
general,将
kongres,大会
kurator,管理
ministr,部长
nominal,名义
novembr,十一月
familiar,熟
kilometr,公里
profesor,教授
romantik,浪漫
bibliotek,书馆
centimetr,厘米
instituci,机关
konferenc,会议
parlament,议会
reprezent,代表
aĉ,劣
ov,卵
etn,族
fon,背景
hor,钟点
ĵur,誓
akuz,控
gent,民族
ĝerm,芽
hejt,暖
knab,男童
kosm,宇宙
kriz,危机
lice,中学
mank,缺
mend,订
mien,表情
misi,使命
naci,民族ɴ
okaz,发生
opon,反对
rent,租ʀ
ŝanc,机会
soci,社会
sort,命
spac,空间
verb,动词
admon,劝
adres,地址
asert,断
aŭtor,作者
civil,民ᴄ
event,事件
ĝemel,双ɢ̑
hered,继
liber,自由
minus,减
organ,器官
popol,人民
premi,奖
rimed,手段
roman,小说
start,开始
akurat,准
animal,动物
atribu,归
establ,设
famili,家庭
invers,逆
klient,户
komand,令
komisi,委
konfes,供ᴋ
person,个人
privat,私
salajr,薪
social,社会ꜱʟ
societ,会社
vesper,晚
deficit,亏
gimnazi,高中
kompani,公司
negativ,负
opozici,反对ᴏᴢ
pretend,称ᴘʀ
rendevu,约会
akcident,事故
argument,论
individu,个人ɪ
instinkt,本能
kalendar,历
kontrakt,合同
monument,碑
substanc,质ꜱ
civilizaci,文明
temperatur,温度
demonstraci,证ᴅ
universitat,大学
aks,轴
bul,泡ʙ
ĉel,室ᴄ̂ʟ
ism,主义
kuv,盆
pot,罐
urn,壶
vic,列
disk,盘ᴅ
forn,炉
ĥemi,化学
kemi,化学ᴋ
kern,核
kloŝ,钟ᴋ
korb,篮
pelv,盆ᴘ
poem,诗
radi,射ʀ
sfer,球ꜱ
album,册
barel,桶
ekran,屏
kajer,本ᴋ
kuler,匙
lamen,片ʟ
muzik,音乐
panel,板
polus,极ᴘ
pupil,瞳
teler,碟
valiz,箱
veter,天气
volum,卷ᴠᴍ
hangar,库
magnet,磁
orient,东方
scienc,科学
sistem,系统
ekonomi,经济
kaserol,锅
politik,政治
tornistr,包ᴛ
ekzempler,部ᴇ
led,革
min,矿
pin,松
ŝam,泡ꜱ̂ᴍ
ŝel,壳
tig,茎
vel,帆
bark,舟
ĉerk,棺
drak,龙
fulg,烟
golf,湾
gras,脂
grot,洞ɢ
hero,英雄
iris,虹
karb,碳
kupr,铜
naft,石油
ŝtal,钢
viol,紫ᴠ
metal,金属
teror,恐ᴛᴏ
tonel,桶ᴛ
benzin,汽油
karbon,碳ᴋɴ
vulkan,火山
oksigen,氧
vegetal,植物
kontinent,洲
bru,噪
hak,砍
kis,吻
rav,迷
raz,剃
ŝak,棋
ted,厌
tus,咳
agac,烦
dres,训
dron,溺
envi,羡
fand,熔
forĝ,锻
frit,炸
friz,卷ꜰ
grat,抓
jung,套
kned,揉
komb,梳
mord,咬
muel,磨
pent,悔
tajl,裁
tond,剪
atenc,刺ᴀ
ĉikan,欺
degel,融
domaĝ,惜
filtr,滤
infuz,浸
ĵaluz,妒
kares,抚
klaft,裂ᴋʟ
obtuz,钝
petol,戏
plend,诉
salut,问候
trakt,处理
trejn,训练
tremp,浸ᴛ
absorb,吸收
digest,消化
gratul,贺
gravur,刻
implik,涉
import,进口
indign,愤
insult,辱
kompat,同情
lament,叹
proced,进行
skulpt,雕
stimul,刺激
strigl,刷ꜱ
trafik,交通
ventol,扇
bombard,轰
eksport,出口
manipul,操作
prononc,发音
fanfaron,吹ꜰ
konstern,惊ᴋ
korespond,通信
aĝi,炒
akn,痘
juĝ,审
jur,法律
mor,俗
mut,哑
nek,也不
pek,罪
poz,姿势
pun,罚
rit,礼ʀᴛ
tun,吨
ŭat,瓦
dung,雇
fleg,护ꜰ
frag,草莓
gest,手势
krim,犯
kulp,过ᴋ
kvit,清账
lukt,搏斗
marĉ,沼
nuks,坚果
oper,歌剧
podi,讲坛
pore,韭
prun,李
pump,泵
ŝind,木瓦
sokl,基座
sorĉ,巫
ŝpat,铲
ŝtip,木块
surd,聋
tram,电车
vart,育ᴠ
atest,证明
aŭkci,拍卖
banan,香蕉
brems,刹车
ĉeriz,樱
debat,辩论
debet,借方
deĵor,值ᴅ
difin,定义
divan,卧椅
dogan,海关
final,终曲
fotel,扶椅
helik,螺旋
kanap,长椅
karot,胡萝
kokos,椰
kukum,黄瓜
meriz,樱ᴍ
morus,桑
pedal,踏板
pivot,轴ᴘ
polis,保单
prujn,粉霜
rafan,萝卜
rimen,皮带
sterk,肥
tamen,然而
tarif,费率
tomat,番茄
tromb,旋风
vagon,车厢
zefir,微风
apenaŭ,仅ᴀ
barbar,蛮
brasik,甘蓝
ciklon,气旋
daktil,枣
dezert,荒地
disput,争论
erupci,喷发
estrad,高台
formal,正式
kamion,货车
kaŝtan,栗
katedr,讲台
kompil,汇
kravat,领带
kukurb,南瓜
kvazaŭ,仿佛
kverel,争吵
makler,经纪
modest,谦逊
normal,正常
parker,诵
potenc,势
preleg,讲演
pupitr,书台
recept,方
servut,役
simbol,象征
tribun,演台
violon,提琴
abrikot,杏
almenaŭ,至少
anticip,预
aŭtomat,自动机
disting,辨
guberni,省ɢ
hipotek,抵押
kabinet,阁
kolport,行商
koncesi,特许
konfirm,确认
kvankam,虽然
oficial,官
optativ,愿ᴏ
probabl,或许
tradici,传统
determin,决定
direktor,长ᴅ
esperant,世界语
intervju,访谈
kreditor,债主
obligaci,债券
singular,单数
definitiv,定ᴅ
ekspozici,展览
fortepian,钢琴
konduktor,导ᴋᴛ
piedestal,座台
rekrement,渣
respublik,共和
kondicional,条件式
alg,藻
ĉif,皱
lul,哄
ŝim,霉
ŝov,挤
abel,蜜蜂
acer,枫
flut,笛
garn,饰
kaŭr,蹲
kirl,旋
korv,鸦
lili,百合
popl,杨
putr,腐ᴘ
ritm,节奏
takt,拍
tord,扭
velk,枯
vibr,振
cikad,蝉
impet,冲
kaduk,衰
kokon,茧
ornam,饰ᴏ
sving,荡
balanc,平衡
dedukt,推ᴅ
hirund,燕
insist,坚持
kolizi,撞
melodi,旋律
pendol,摆
rezign,辞
tambur,鼓ᴛ
progres,进步
trumpet,号ᴛ
distribu,分配
revoluci,革命
krizantem,菊
glu,胶
kup,杯ᴋ
karp,鲤鱼
kaze,奶酪
krab,蟹
pres,印
anser,鹅
farun,粉ꜰ
kolomb,鸽
elefant,象
ark,弧
ĉas,猎
ĉek,支票
kaĝ,笼
kel,地室
rel,轨
ŝal,披肩
tub,管ᴛ
vat,棉花
aviz,通知
drap,布料
drat,丝ᴅ
fask,束ꜰ
fend,裂ꜰ
fibr,细丝
fost,柱
krut,陡
nest,巢
palt,外套
paŭz,暂停
ŝnur,索
sold,饷
ŝpin,纺
teks,织
tend,帐
veŝt,背心
vind,缠
adapt,适应
aneks,附
arest,逮
buĝet,预算
faden,纱
fason,式样
feder,联ꜰ
garaĝ,车库
gitar,弦琴
ignor,忽视
influ,影响
kamer,室ᴋ
kanal,渠
kapot,风衣
kapuĉ,兜帽
katun,棉布
komod,抽柜
medal,勋章
penik,画笔
plekt,编ᴘ
ripet,重复
split,劈
svarm,群ꜱ
tapet,壁纸
tunel,隧道
akcept,接受
alumet,火柴
analiz,分析
balkon,阳台
budĝet,预算ʙᴅ
cirkel,圆规
dekliv,坡
desert,甜点
fontan,泉
frakas,碎
inklin,倾ɪ
invent,发明
kandel,烛
konfid,信赖
konkav,凹
kotlet,排
portal,门ᴘᴛ
reakci,反应
reklam,广告
rezult,结果
ruband,丝带
sandal,凉鞋
tajlor,裁缝
tualet,梳妆
biskvit,饼干
ekzamen,考试
kamizol,汗衫
konsent,同意
kontakt,接触
kontent,满足
kontrol,检查
koridor,廊ᴋ
lantern,灯笼
malgraŭ,尽管
pantofl,拖鞋
perfekt,完美
suspekt,怀疑
tendenc,趋
uniform,制服
briliant,钻ʙʟ
koncentr,集中
perimetr,周ᴘ
konjunkci,连ᴋ
apartament,套房
on,分ᴏ
arm,武
kuz,表亲
lot,签
nev,侄
nuk,项
ros,露ʀꜱ
ung,爪
diet,食
ebri,醉
fart,健ꜰ
fork,叉
kalv,秃
pugn,拳
pulm,肺
saŭc,酱
tost,祝杯
urin,尿
vert,顶ᴠ
adici,加ᴀ
aksel,腋
artik,关节
buked,花束
detal,细节
hotel,旅馆
kurac,疗
rostr,嘴
sport,体育
ventr,腹
mensog,谎
menton,下巴
plural,複ᴘʟ
religi,宗教
skelet,骨架
stomak,胃
vertic,顶ᴠᴄ
fringel,雀ꜰʟ
medicin,医学
omnibus,公车ᴏ
subtrah,减ꜱ
umbilik,肚脐
hospital,医院
kosmetik,化妆
matematik,数学
multiplik,乘ᴍ
gas,气体
arom,芳
brav,勇敢
dign,威
fier,傲
flar,嗅
geni,天才
hont,羞
nerv,神经
pret,就绪
risk,冒险
vigl,活跃
aktiv,活动
emfaz,强调
graci,雅
merit,绩
minac,威胁
mizer,惨
moral,道德
posed,拥
sopir,慕
valid,有效
akcent,重音
divers,多样
ekzakt,准确
escept,例外
frenez,狂
klopod,费力
kurioz,好奇
moment,瞬间
nervoz,紧张
preciz,精确
prepar,准备
spirit,精神
ampleks,范
avantaĝ,优势
efektiv,实际
elegant,雅ᴇ
komfort,舒适
konkret,具体
popular,大众
praktik,实践
prosper,旺
surpriz,惊奇
provizor,暂时
referenc,参
trankvil,宁静
ekskluziv,专
katastrof,灾
komentari,评论ᴋ
konscienc,良心
universal,普遍
karakteriz,征ᴋʀ
ha,啊
he,嘿
ho,哦
nu,呢
ve,哀
dam,贵妇
enu,闷
jud,犹太
pal,苍
viz,签证
dens,稠
mejl,英里
muze,博物馆
dekan,院长
fianĉ,婚约
fraŭl,单身
lazur,碧
sabat,安息
senat,参院
asesor,评审
konsul,领事
notari,公证
oficir,军官
orator,演说家
patron,护主
rektor,校长
romanc,情歌
statur,身高
cirkvit,电路
diametr,直径
kapitan,尉
komitat,委员会
miliard,十亿
panoram,全景
pasport,护照
prefekt,知事
virtuoz,名手
delegaci,代团
komision,委会
mikrofon,话筒
milimetr,毫米
reputaci,声誉
telegraf,电报
ambasador,大使
diplomati,外交
inspektor,督官
nominativ,主格
pseŭdonim,笔名
laboratori,实验室
perspektiv,透视
bo,姻
lam,刃
mit,神话
ras,种族
rim,韵
best,兽
brut,畜
dorn,刺ᴅ
dram,戏剧
mani,癖
pleb,民
pled,辩
adept,徒
asoci,协会
deleg,派遣
donac,捐
elizi,省略
facet,面ꜰᴛ
fizik,物理学
koleg,同事
malic,恶意
novel,短篇
panik,恐慌
pasiv,被动
pokal,杯ᴘ
propr,固有
silab,音节
skism,分裂
vokal,元音
arbitr,任意
burĝon,芽ʙ
epizod,插话
erotik,色ᴇ
hazard,偶然
kolegi,学院
komedi,喜剧
legend,传说
mandat,委ᴍ
objekt,对象
planed,行星
profil,侧ᴘ
rekord,纪录
rezist,抵抗
viktim,牺牲
akademi,学会
akcesor,附ᴀᴋ
anomali,异常
apelaci,诉ᴀ
aŭtonom,自治
biologi,生物学
kamarad,同志
konvink,说服
krepusk,暮
monopol,垄断
monoton,单调
princip,原则
produkt,产品
protest,抗议
redakci,编辑
traktat,条约
univers,万有
antipati,反感
fakultat,系
fotograf,摄影家
konflikt,冲突
kontribu,贡献
preskrib,定ᴘ
redaktor,编者
struktur,构
vertikal,垂
fizionomi,相
fotografi,摄影
fundament,基础
konsonant,辅音
korporaci,企业
mikroskop,微镜
psikologi,心理学
rekompenc,酬
sekretari,秘书
sekundant,副
termometr,温计
horizontal,平ʜ
ale,小道
lad,缶
pat,煎锅
vaz,花瓶
alte,高地
atom,原子
cikl,周期
glob,球体
kest,木箱
klap,阀
kofr,大箱
kruĉ,水壶
kupe,厢
lian,藤ʟ
menu,菜单
miop,近视
plad,大盘
poet,诗人
seri,系列
ŝose,公路
trog,槽
avenu,大道
balon,气球
figur,图形
forum,论坛
kamen,暖炉
liter,字母
orbit,轨道
reĝim,制度
sitel,水桶
tabul,木板
vezik,囊
bateri,电池
financ,财政
formul,公式
ĵurnal,日报
klimat,气候
period,期间
tropik,热带
alfabet,字母表
ekvator,赤道
kaldron,釜
katalog,目录
koncert,音乐会
membran,膜
molekul,分子
pacifik,平洋
trotuar,人行道
atlantik,西洋
dokument,文件
filozofi,哲学
geografi,地理学
geometri,几何学
gramatik,文法
kategori,类别
klasifik,分类
leksikon,词典
demokrati,民主
literatur,文学
enciklopedi,百科
abi,杉
car,皇
fel,毛皮
pan,面包
rif,礁
vit,藤
flos,筏
krad,格ᴋᴅ
stan,锡
bronz,青铜
buter,黄油
infer,地狱
marin,海ᴍɴ
plumb,铅
salik,柳
bandit,匪
petrol,汽油ᴘ
pionir,开拓
aventur,冒险ᴀ
dinasti,朝
gelaten,胶ɢᴛ
boj,吠
buĉ,屠
mok,嘲
muĝ,吼
ador,崇
agit,扰动
amuz,娱
brod,绣
brog,烫
dikt,口述
marŝ,行军
pinĉ,捏
tajp,打字
tent,诱惑
venĝ,报复
admir,钦佩
adopt,收养
insid,陷
inund,淹
rigor,严格
satur,饱和
sever,苛
sonor,响亮
ŝovel,铲ꜱ̂ᴠ
aplaŭd,鼓掌
dorlot,宠
ekscit,兴奋
festen,宴
fluktu,波动
gargar,漱
ilustr,图解
inspir,灵感
instal,安装
instig,唆
konsol,安慰
manovr,演习
pardon,赦
promen,散步
rembur,填
ekskurs,游览
ferment,发酵
kompens,补偿
konvert,转化
navigaci,航行
projekci,投影
entrepren,承办
metamorfoz,变形
api,芹
fig,无花
jen,看ᴊ
meĉ,芯
oaz,绿洲
rot,连
boks,拳击
loĝi,包厢
naiv,天真
norm,规范
oliv,橄榄
ozon,臭氧
regn,王国
sark,锄
vizi,幻视
abism,渊
akciz,货税
bivak,营
furaĝ,饲料
kulis,侧幕
rutin,常规
stamp,戳
trust,企联
vanil,香草
alĥemi,炼金
alkemi,炼金ᴀᴋ
ananas,菠萝
epilog,终语
granat,石榴
insign,章ɪ
karier,生涯
kariol,车
kelner,侍
parget,镶木
parter,平席
prezid,主席
prolog,序语
sankci,批准
suflor,提词
arogant,傲慢
brokant,古商
jugland,核桃
kriteri,标准
legitim,正当
minimum,最小
solvent,付能
traktor,拖拉机
trivial,平凡
vegetar,素食
aligator,鳄
ĉarlatan,骗商
ceremoni,仪式
federaci,联邦
kriminal,罪犯
krokodil,鳄ᴋ
maksimum,最大
melodram,情剧
pantomim,默剧
procedur,程序
prototip,原型
pulĉinel,丑角
specimen,样本
spektakl,演出
teritori,领土
aŭtoritat,权威
disciplin,纪律
kancelari,厅ᴋ
lokomobil,移动机
lokomotiv,机车
sortiment,品种
manufaktur,手工厂
konfederaci,联盟
manifestaci,示威
administraci,行政
gam,音阶
kan,芦
kul,小蚊
nap,萝卜ɴ
piz,豌豆
kard,梳ᴋʀ
larv,幼虫
maiz,玉米
mili,黍
musk,苔
stip,薪ꜱᴛ
trem,颤
akcel,加速
evolu,演化
filik,蕨
flagr,焰ꜰɢ
fring,雀ꜰ
horde,大麦
kverk,橡
oktav,八度
pedik,虱
ribel,反叛
cipres,柏
esting,熄
impuls,冲动
laktuk,生菜
ŝancel,摇晃
sopran,高音
spinac,菠菜
tamtam,锣
degener,退化
emancip,解放
evoluci,进化
orkestr,乐队
akcipitr,鹰ᴀᴋ
dekoraci,装饰
ekspluat,开发
agl,鹰
gru,鹤
kaĉ,粥
ran,蛙
rat,大鼠
azen,驴
kalk,石灰
kart,卡
kopi,副本
leon,狮
simi,猴
vulp,狐
aline,段ᴀ
argil,粘土
bilet,票
kupon,券
papili,蝶
sulfur,硫
kristal,晶
mineral,矿物
porcelan,瓷
heĝ,篱
ker,红心
laĉ,系带
lob,瓣
tol,麻布
vad,涉ᴠ
azil,避所
felt,毡
fisk,国库
frak,礼服
kabl,缆
karo,方块
kast,种姓
paĝi,编页
ŝelk,吊带
tref,梅花
vual,面纱
agraf,扣钩
alarm,警报
aŭgur,占
biret,圆帽
enket,调查
hezit,犹豫
kaban,棚
kapel,小堂
kitel,工服
kloak,污水
kolon,柱ᴋɴ
krisp,褶
kupol,圆顶
logik,论理
lustr,吊灯
refut,反驳
resum,摘
rifuĝ,避难
satan,魔王
saten,缎
supoz,假定
teori,理论
teras,露台
tunik,短衣
velur,绒
altern,交替
cirkul,循环
dekolt,领口
galeri,廊
kanvas,帆布
kasked,沿帽
korupt,腐ᴋ
kritik,批评
negliĝ,睡衣
nektar,花蜜
premis,前提
recenz,评论
revizi,审查
rivolu,旋转
signif,意味
sintez,综
sultan,君王
surtut,外衣
trikot,针织
verand,廊台
akvarel,水彩
bankier,银行家
inspekt,视察
koncept,概念
konform,符合
kontest,争议
mansard,阁楼
neglekt,忽略
pension,宿舍
prognoz,预测
proklam,宣布
reflekt,反射
relativ,相对
solidar,团结
stadion,场ꜱᴛ
kolektiv,集体
konfekci,成衣
kontrast,对比
manifest,表明
medalion,圆章
objektiv,客观
rezultat,成果
centraliz,聚
deklaraci,声明
korelativ,相关
propagand,宣传
subjektiv,主观
alternativ,替代
konsekvenc,后果
bub,童ʙ
fum,吸烟
kub,立方体
lak,漆
ren,肾
rip,肋
vet,赌
arme,军队
ĉifr,密码
drog,药
febr,发热
kruc,十字
nadl,针
najl,钉
oval,卵形
preĝ,祈
ŝink,火腿
uter,子宫
vaks,蜡
vejn,静脉
anĝel,天使
atlet,运动家
aviad,航空
hepat,肝
pilot,飞行员
pingl,针ᴘ
salat,拌菜
sankt,圣ꜱɴ
sirop,糖浆
tabak,烟草
templ,寺
tromp,骗
venen,毒
apotek,药店
arteri,动脉
barbir,理发师
baston,棒
feston,宴ꜰᴏ
frakci,分数
higien,卫生
intest,肠
klinik,诊所
kolbas,香肠
konkur,竞
loteri,彩票
martel,锤
perfid,背叛
terapi,疗法
alkohol,酒精
bifstek,牛排
ekspres,快ᴇ
konkurs,竞技
kvadrat,正方形
operaci,手术
pacient,病人
paradiz,天国
paralel,平行线
simptom,症
aeroplan,飞机
aritmetik,算术
konfidenc,机密
konkurenc,竞争
restoraci,餐厅
ekskrement,粪
medikament,药ᴍ
substantiv,名词
mod,时尚
ruz,狡猾
alud,暗示
astm,喘
avar,吝啬
avid,贪
ĉarm,魅
ĉast,贞
etik,伦理
luks,奢
plag,折磨
pomp,盛
vant,虚荣
verv,劲
agord,调和
akord,协议
apati,冷漠
banal,平庸
flegm,冷静
furor,激情
grimp,攀
inert,惰
ironi,讽刺
koket,媚
komik,可笑
moder,适度
seren,晴朗
solen,庄重
spert,熟练
absurd,荒谬
aktual,时事
apetit,食欲
aplomb,沉着
barakt,挣
eksces,过度
etiket,礼节
gigant,巨人
indeks,索ɪ
majest,威严
mirakl,奇迹
tragik,悲剧
volupt,色ᴠ
vulgar,俗ᴠ
bagatel,小事
eminent,卓越
harmoni,和谐
konkord,和睦
skrupul,谨慎
tragedi,悲剧ᴛᴅ
aŭtentik,真实
ekvilibr,平衡ᴇ
grandioz,宏
konstant,恒定
entuziasm,热情
kompetent,胜任
kompromis,妥协
privilegi,特权
indiferent,无心
eksperiment,实验
ŭa,哇
stab,参谋
blond,金发
kadet,候官
major,少校
nuanc,细差
vasal,家臣
arĥaik,古风
arkaik,古风ᴀᴋ
centim,分币
hetman,统帅
marŝal,元帅
profet,预言家
admiral,海将
ambasad,大使馆
judaism,犹太教
kaporal,伍长
kolonel,上校
komisar,政委
komplez,善
kvestor,财官
latitud,纬度
pedagog,教育家
revizor,查官
serĝent,军曹
skarlat,绯
adjutant,副官
diplomat,外交家
longitud,经度
pedagogi,教育学
seminari,研讨会
leŭtenant,中尉
inkvizitor,审官
observatori,观测站
ci,汝
fi,呸
ard,灼
bek,喙
ego,自我
mim,模仿
orf,孤儿
tez,论文
abon,订阅
ekip,装备
fabl,寓话
fraj,卵ꜰ
ĥaos,混沌
kaos,混沌ᴋ
lake,仆
ofer,供奉
trop,比喻
almoz,施
anten,天线
dediĉ,奉献
edikt,告ᴇ
fabel,寓话ꜰᴇ
fatal,命定
fiask,惨败
idiot,愚ɪ
komet,彗星
raket,火箭
satir,讽刺ꜱ
sklav,奴隶
trajt,特征
aflikt,苦恼
aparat,仪器
biolog,生物学家
denunc,举报
diplom,文凭
eklips,蚀
graved,孕
hipnot,催眠
koloni,殖民
marĝen,边白
mikrob,微生物
prolet,工人
anekdot,轶事
apertur,开幕
botanik,植物学
disĉipl,弟子
indiĝen,土著
iniciat,首创
kvitanc,收据
liberal,自由派
monolog,独白
proverb,谚语
skeptik,怀疑ꜱᴋ
variant,变体
biografi,传记
eventual,终究
horizont,地平
improviz,即兴
konvenci,公约
organism,生体
pretekst,借口
primitiv,原始
psikolog,心理学家
sindikat,工会
spontane,自发
subvenci,补助
proletari,工人阶级
superstiĉ,迷信
testament,遗嘱
veterinar,兽医
abiturient,毕业生
ingredienc,成分
kontribuci,贡献ᴋᴄ
bal,舞会
bas,低音
ĥor,合唱
bomb,炸弹
etat,报表
lens,透镜
proz,散文
skem,图式
step,草原
stil,文体
vers,诗句
ampol,药瓶
arĥiv,档案
arkiv,档案ᴀᴋ
atlas,图集
balet,舞剧
karaf,酒壶
korus,合唱ᴋ
lirik,抒情
poezi,诗作
ateism,无神论
ateist,无神家
binokl,双镜
faktur,发票
imperi,帝国
kantor,歌手
kanzon,歌曲
kapsul,胶囊
karton,纸板
meteor,流星
petard,爆竹
bulvard,林荫道
cilindr,圆柱
filozof,哲学家
geologi,地质学
patriot,爱国
procesi,进程
registr,登记
semafor,信号ꜱᴍ
cirkuler,通告
demokrat,民主家
diktator,独裁者
feminism,女权主义
feminist,女权家
hierarki,等级
meridian,子午线
optimism,乐观主义
optimist,乐观家
pacifism,和平主义
pacifist,和平家
palanken,轿
protokol,记录
strategi,战略
teleskop,远镜
astronomi,天文学
promontor,岬
statistik,统计
mediterane,中海
imperialism,帝国主义
interpunkci,标点
konservativ,保守派
meteorologi,气象学
dig,堤
seb,脂ꜱ
tog,袍ᴛ
vin,葡萄酒
bier,麦酒
ebur,象牙
laŭr,桂
malt,麦芽
mask,面具
skal,刻度
tors,躯
aktor,演员
krust,壳ᴋ
lotus,莲
masaĝ,按摩
barier,栏ʙʀ
ferdek,甲板
krater,火口
triumf,凯
alumini,铝
arleken,丑
diamant,钻石
dimensi,尺寸
epiderm,表皮
kavalir,骑士
patrici,贵ᴘ
veteran,老兵
hidrogen,氢
mandaren,官ᴍ
arĥipelag,群岛
arkipelag,群岛ᴀᴋ
protagonist,主角
ĉiz,凿
lut,焊
maĉ,嚼
seg,锯
vom,呕
fajf,哨
falĉ,镰
fast,禁食
hura,欢呼
klaĉ,闲话
kroz,巡航
naŭz,恶心
paŝt,放牧
pist,捣
raŭk,哑ʀ
ŝerc,笑话
skiz,草图
svat,求婚
abort,流产
agoni,闷ᴀ
aklam,欢呼ᴀ
distr,分心
frand,品尝
ĵongl,耍
kribr,筛
ofend,冒犯
plaŭd,溅
rabot,刨
rafin,精炼
regal,款待
strik,罢工
sufok,窒
susur,私语
bedaŭr,憾
bojkot,抵制
ĉagren,懊
deklam,朗诵
distil,蒸馏
funebr,葬
furioz,狂怒
indulg,纵
kontuz,挫伤
lubrik,润滑
murmur,低语
predik,讲道
tumult,骚动
sarkasm,讽
turment,折磨ᴛ
karambol,撞ᴋʀ
kaŭteriz,灼ᴋ
prozelit,传教
kondolenc,悼
kompliment,恭维
impertinent,无礼